seq_192	seq_192
seq_192	seq_448
seq_192	seq_768
seq_192	seq_481
seq_192	seq_482
seq_192	seq_1218
seq_192	seq_1859
seq_192	seq_3108
seq_192	seq_1190
seq_192	seq_2150
seq_192	seq_1191
seq_192	seq_2151
seq_192	seq_168
seq_192	seq_488
seq_192	seq_648
seq_192	seq_1192
seq_192	seq_2152
seq_192	seq_1193
seq_192	seq_2153
seq_192	seq_1194
seq_192	seq_939
seq_192	seq_1195
seq_192	seq_2635
seq_192	seq_940
seq_192	seq_972
seq_192	seq_1196
seq_192	seq_2124
seq_192	seq_2636
seq_192	seq_1197
seq_192	seq_2253
seq_192	seq_2637
seq_192	seq_302
seq_192	seq_1070
seq_192	seq_1198
seq_192	seq_2254
seq_192	seq_2638
seq_192	seq_3150
seq_192	seq_1071
seq_192	seq_1199
seq_192	seq_1999
seq_192	seq_2255
seq_192	seq_2639
seq_192	seq_3151
seq_192	seq_1200
seq_192	seq_2000
seq_192	seq_2256
seq_192	seq_433
seq_192	seq_913
seq_192	seq_1457
seq_192	seq_1713
seq_192	seq_2001
seq_192	seq_2257
seq_192	seq_434
seq_192	seq_1362
seq_192	seq_1458
seq_192	seq_1714
seq_192	seq_2258
seq_192	seq_1459
seq_192	seq_1715
seq_192	seq_2259
seq_192	seq_2611
seq_192	seq_3539
seq_192	seq_404
seq_192	seq_884
seq_192	seq_1716
seq_192	seq_2260
seq_192	seq_2612
seq_192	seq_405
seq_192	seq_661
seq_192	seq_1717
seq_192	seq_2133
seq_192	seq_2261
seq_192	seq_2613
seq_192	seq_2965
seq_192	seq_406
seq_192	seq_2134
seq_192	seq_2262
seq_192	seq_407
seq_192	seq_695
seq_192	seq_1015
seq_192	seq_1399
seq_192	seq_2135
seq_192	seq_2263
seq_192	seq_760
seq_192	seq_1400
seq_192	seq_2872
seq_192	seq_281
seq_192	seq_761
seq_192	seq_1465
seq_192	seq_282
seq_192	seq_762
seq_192	seq_2298
seq_192	seq_2618
seq_192	seq_859
seq_192	seq_923
seq_192	seq_1243
seq_192	seq_3387
seq_192	seq_444
seq_192	seq_828
seq_192	seq_1244
seq_192	seq_3388
seq_192	seq_445
seq_192	seq_1245
seq_192	seq_2941
seq_192	seq_3389
seq_192	seq_606
seq_192	seq_2942
seq_192	seq_3390
seq_192	seq_1247
seq_192	seq_3391
seq_224	seq_224
seq_224	seq_2048
seq_224	seq_2914
seq_224	seq_228
seq_224	seq_614
seq_224	seq_2534
seq_224	seq_231
seq_224	seq_2535
seq_224	seq_1000
seq_224	seq_1961
seq_224	seq_2121
seq_224	seq_237
seq_224	seq_1040
seq_224	seq_3280
seq_224	seq_1041
seq_224	seq_242
seq_224	seq_1042
seq_224	seq_3283
seq_224	seq_212
seq_224	seq_3284
seq_224	seq_56
seq_224	seq_376
seq_224	seq_250
seq_224	seq_251
seq_224	seq_252
seq_224	seq_2076
seq_224	seq_253
seq_224	seq_1181
seq_224	seq_2014
seq_224	seq_779
seq_224	seq_490
seq_320	seq_320
seq_320	seq_800
seq_320	seq_928
seq_320	seq_929
seq_320	seq_1447
seq_320	seq_937
seq_320	seq_685
seq_320	seq_877
seq_320	seq_878
seq_320	seq_2382
seq_320	seq_1039
seq_320	seq_626
seq_320	seq_531
seq_320	seq_2323
seq_320	seq_2324
seq_320	seq_2325
seq_320	seq_927
seq_320	seq_678
seq_320	seq_523
seq_320	seq_86
seq_320	seq_664
seq_320	seq_1688
seq_320	seq_2360
seq_320	seq_665
seq_320	seq_2268
seq_416	seq_416
seq_416	seq_1632
seq_416	seq_2369
seq_416	seq_1346
seq_416	seq_419
seq_416	seq_2371
seq_416	seq_2372
seq_416	seq_2374
seq_416	seq_615
seq_416	seq_2247
seq_416	seq_2375
seq_416	seq_3431
seq_416	seq_360
seq_416	seq_616
seq_416	seq_1704
seq_416	seq_3432
seq_416	seq_361
seq_416	seq_2377
seq_416	seq_3433
seq_416	seq_1482
seq_416	seq_2058
seq_416	seq_3434
seq_416	seq_876
seq_416	seq_1806
seq_416	seq_2862
seq_416	seq_687
seq_416	seq_1007
seq_416	seq_1103
seq_416	seq_1904
seq_416	seq_689
seq_416	seq_1905
seq_416	seq_658
seq_416	seq_595
seq_416	seq_659
seq_416	seq_1299
seq_416	seq_2067
seq_416	seq_3475
seq_416	seq_84
seq_416	seq_1044
seq_416	seq_1460
seq_416	seq_2676
seq_416	seq_1301
seq_416	seq_1461
seq_416	seq_2293
seq_416	seq_598
seq_416	seq_854
seq_416	seq_1462
seq_416	seq_599
seq_416	seq_536
seq_416	seq_600
seq_416	seq_1176
seq_416	seq_633
seq_416	seq_1081
seq_416	seq_1177
seq_416	seq_634
seq_416	seq_1242
seq_416	seq_2299
seq_416	seq_1276
seq_416	seq_1756
seq_416	seq_2300
seq_416	seq_413
seq_416	seq_797
seq_416	seq_1277
seq_416	seq_2717
seq_416	seq_2718
seq_416	seq_1279
seq_416	seq_1343
seq_416	seq_1631
seq_512	seq_512
seq_512	seq_2436
seq_512	seq_2437
seq_512	seq_2438
seq_512	seq_2439
seq_512	seq_2759
seq_512	seq_1768
seq_512	seq_1833
seq_512	seq_2442
seq_512	seq_1643
seq_512	seq_1774
seq_512	seq_1775
seq_512	seq_2424
seq_512	seq_2330
seq_512	seq_2426
seq_512	seq_2331
seq_512	seq_2332
seq_512	seq_2428
seq_512	seq_2269
seq_576	seq_576
seq_576	seq_583
seq_576	seq_2792
seq_576	seq_287
seq_576	seq_410
seq_736	seq_736
seq_736	seq_65
seq_736	seq_737
seq_736	seq_2017
seq_736	seq_66
seq_736	seq_738
seq_736	seq_1123
seq_736	seq_324
seq_736	seq_997
seq_736	seq_230
seq_736	seq_1478
seq_736	seq_1670
seq_736	seq_359
seq_736	seq_967
seq_736	seq_1671
seq_736	seq_969
seq_736	seq_1001
seq_736	seq_650
seq_736	seq_938
seq_736	seq_1898
seq_736	seq_331
seq_736	seq_236
seq_736	seq_844
seq_736	seq_1164
seq_736	seq_1708
seq_736	seq_301
seq_736	seq_1165
seq_736	seq_527
seq_736	seq_1359
seq_736	seq_3023
seq_736	seq_240
seq_736	seq_528
seq_736	seq_305
seq_736	seq_1617
seq_736	seq_1777
seq_736	seq_3025
seq_736	seq_306
seq_736	seq_2034
seq_736	seq_3026
seq_736	seq_628
seq_736	seq_1972
seq_736	seq_3028
seq_736	seq_725
seq_736	seq_2069
seq_736	seq_2006
seq_736	seq_2070
seq_736	seq_2007
seq_736	seq_152
seq_736	seq_1208
seq_736	seq_2008
seq_736	seq_601
seq_736	seq_697
seq_736	seq_921
seq_736	seq_2009
seq_736	seq_602
seq_736	seq_666
seq_736	seq_698
seq_736	seq_1755
seq_736	seq_412
seq_736	seq_1213
seq_736	seq_222
seq_736	seq_1214
seq_896	seq_896
seq_896	seq_1152
seq_896	seq_1216
seq_896	seq_1856
seq_896	seq_897
seq_896	seq_1217
seq_896	seq_1857
seq_896	seq_1026
seq_896	seq_1858
seq_896	seq_1027
seq_896	seq_1028
seq_896	seq_1796
seq_896	seq_1029
seq_896	seq_1797
seq_896	seq_1871
seq_896	seq_1650
seq_896	seq_1778
seq_896	seq_1651
seq_896	seq_1652
seq_896	seq_1751
seq_896	seq_1752
seq_896	seq_1209
seq_896	seq_90
seq_896	seq_1210
seq_896	seq_91
seq_896	seq_1789
seq_896	seq_1790
seq_896	seq_1854
seq_896	seq_1918
seq_896	seq_895
seq_896	seq_1855
seq_896	seq_1920
seq_896	seq_2656
seq_896	seq_2880
seq_896	seq_2912
seq_896	seq_1825
seq_896	seq_1921
seq_896	seq_2657
seq_896	seq_2913
seq_896	seq_3169
seq_896	seq_3201
seq_896	seq_2658
seq_896	seq_3170
seq_896	seq_2659
seq_896	seq_3299
seq_896	seq_3427
seq_896	seq_2308
seq_896	seq_2660
seq_896	seq_2916
seq_896	seq_3460
seq_896	seq_2309
seq_896	seq_2661
seq_896	seq_2789
seq_896	seq_2662
seq_896	seq_3270
seq_896	seq_2663
seq_896	seq_2120
seq_896	seq_2856
seq_896	seq_3304
seq_896	seq_3273
seq_896	seq_2986
seq_896	seq_3274
seq_896	seq_2987
seq_896	seq_1836
seq_896	seq_2892
seq_896	seq_2988
seq_896	seq_3500
seq_896	seq_749
seq_896	seq_1837
seq_896	seq_2893
seq_896	seq_2989
seq_896	seq_3501
seq_896	seq_1838
seq_896	seq_2670
seq_896	seq_3502
seq_896	seq_2191
seq_896	seq_2447
seq_896	seq_3503
seq_896	seq_2192
seq_896	seq_1841
seq_896	seq_3505
seq_896	seq_1842
seq_896	seq_947
seq_896	seq_979
seq_896	seq_3027
seq_896	seq_948
seq_896	seq_980
seq_896	seq_2484
seq_896	seq_3316
seq_896	seq_981
seq_896	seq_982
seq_896	seq_983
seq_896	seq_2425
seq_896	seq_1946
seq_896	seq_3002
seq_896	seq_827
seq_896	seq_2716
seq_896	seq_2908
seq_896	seq_2109
seq_896	seq_2909
seq_896	seq_2910
seq_896	seq_1919
seq_896	seq_2079
seq_896	seq_3187
seq_896	seq_1148
seq_896	seq_1149
seq_960	seq_960
seq_960	seq_99
seq_960	seq_100
seq_960	seq_101
seq_960	seq_1125
seq_960	seq_2373
seq_960	seq_102
seq_960	seq_358
seq_960	seq_1126
seq_960	seq_999
seq_960	seq_104
seq_960	seq_457
seq_960	seq_809
seq_960	seq_458
seq_960	seq_810
seq_960	seq_2155
seq_960	seq_140
seq_960	seq_2508
seq_960	seq_2540
seq_960	seq_1101
seq_960	seq_334
seq_960	seq_335
seq_960	seq_1935
seq_960	seq_1936
seq_960	seq_1137
seq_960	seq_914
seq_960	seq_2066
seq_960	seq_915
seq_960	seq_54
seq_960	seq_1302
seq_960	seq_55
seq_960	seq_1016
seq_960	seq_1017
seq_960	seq_1018
seq_960	seq_1019
seq_960	seq_956
seq_960	seq_1020
seq_960	seq_1021
seq_960	seq_1437
seq_960	seq_766
seq_960	seq_1022
seq_960	seq_2366
seq_960	seq_1023
seq_992	seq_992
seq_992	seq_1760
seq_992	seq_993
seq_992	seq_2081
seq_992	seq_226
seq_992	seq_802
seq_992	seq_2210
seq_992	seq_996
seq_992	seq_805
seq_992	seq_1733
seq_992	seq_2022
seq_992	seq_2310
seq_992	seq_2950
seq_992	seq_105
seq_992	seq_1545
seq_992	seq_106
seq_992	seq_1803
seq_992	seq_1004
seq_992	seq_2764
seq_992	seq_2061
seq_992	seq_2765
seq_992	seq_622
seq_992	seq_1550
seq_992	seq_2062
seq_992	seq_2446
seq_992	seq_1455
seq_992	seq_2063
seq_992	seq_2415
seq_992	seq_1008
seq_992	seq_2064
seq_992	seq_2448
seq_992	seq_3472
seq_992	seq_1169
seq_992	seq_1649
seq_992	seq_2449
seq_992	seq_1170
seq_992	seq_596
seq_992	seq_1908
seq_992	seq_1141
seq_992	seq_1493
seq_992	seq_1494
seq_992	seq_2230
seq_992	seq_3478
seq_992	seq_2231
seq_992	seq_2903
seq_992	seq_3255
seq_992	seq_3287
seq_992	seq_952
seq_992	seq_1624
seq_992	seq_3256
seq_992	seq_1625
seq_992	seq_2233
seq_992	seq_2361
seq_992	seq_1435
seq_992	seq_2364
seq_992	seq_1853
seq_992	seq_2365
seq_992	seq_990
seq_992	seq_1950
seq_992	seq_1471
seq_992	seq_1759
seq_992	seq_1951
seq_1120	seq_1120
seq_1120	seq_2560
seq_1120	seq_1761
seq_1120	seq_2561
seq_1120	seq_2881
seq_1120	seq_3457
seq_1120	seq_3458
seq_1120	seq_963
seq_1120	seq_3459
seq_1120	seq_964
seq_1120	seq_3236
seq_1120	seq_3396
seq_1120	seq_3556
seq_1120	seq_965
seq_1120	seq_2533
seq_1120	seq_3237
seq_1120	seq_3397
seq_1120	seq_3461
seq_1120	seq_3557
seq_1120	seq_582
seq_1120	seq_3238
seq_1120	seq_3526
seq_1120	seq_647
seq_1120	seq_3239
seq_1120	seq_3527
seq_1120	seq_2536
seq_1120	seq_3240
seq_1120	seq_3400
seq_1120	seq_3528
seq_1120	seq_1929
seq_1120	seq_2345
seq_1120	seq_2537
seq_1120	seq_3529
seq_1120	seq_554
seq_1120	seq_1066
seq_1120	seq_1642
seq_1120	seq_2186
seq_1120	seq_2346
seq_1120	seq_3402
seq_1120	seq_2347
seq_1120	seq_3403
seq_1120	seq_1645
seq_1120	seq_3533
seq_1120	seq_3534
seq_1120	seq_2671
seq_1120	seq_3087
seq_1120	seq_560
seq_1120	seq_976
seq_1120	seq_2640
seq_1120	seq_529
seq_1120	seq_561
seq_1120	seq_977
seq_1120	seq_1009
seq_1120	seq_594
seq_1120	seq_1010
seq_1120	seq_1266
seq_1120	seq_2514
seq_1120	seq_2642
seq_1120	seq_3058
seq_1120	seq_1011
seq_1120	seq_1267
seq_1120	seq_2483
seq_1120	seq_2515
seq_1120	seq_2643
seq_1120	seq_3059
seq_1120	seq_1012
seq_1120	seq_2228
seq_1120	seq_2516
seq_1120	seq_2548
seq_1120	seq_2229
seq_1120	seq_2517
seq_1120	seq_2486
seq_1120	seq_2518
seq_1120	seq_2646
seq_1120	seq_3382
seq_1120	seq_919
seq_1120	seq_951
seq_1120	seq_1175
seq_1120	seq_2647
seq_1120	seq_3383
seq_1120	seq_2232
seq_1120	seq_2648
seq_1120	seq_3096
seq_1120	seq_3160
seq_1120	seq_3384
seq_1120	seq_889
seq_1120	seq_2617
seq_1120	seq_2649
seq_1120	seq_3161
seq_1120	seq_890
seq_1120	seq_2522
seq_1120	seq_2650
seq_1120	seq_3162
seq_1120	seq_763
seq_1120	seq_2619
seq_1120	seq_3163
seq_1120	seq_1980
seq_1120	seq_2620
seq_1120	seq_3164
seq_1120	seq_1981
seq_1120	seq_3133
seq_1120	seq_3166
seq_1120	seq_2559
seq_1120	seq_3167
seq_1280	seq_1280
seq_1280	seq_1696
seq_1280	seq_2368
seq_1280	seq_2305
seq_1280	seq_2306
seq_1280	seq_643
seq_1280	seq_739
seq_1280	seq_1317
seq_1280	seq_998
seq_1280	seq_1318
seq_1280	seq_103
seq_1280	seq_327
seq_1280	seq_1319
seq_1280	seq_1863
seq_1280	seq_1320
seq_1280	seq_1864
seq_1280	seq_1865
seq_1280	seq_74
seq_1280	seq_75
seq_1280	seq_1003
seq_1280	seq_1291
seq_1280	seq_76
seq_1280	seq_300
seq_1280	seq_1292
seq_1280	seq_1324
seq_1280	seq_77
seq_1280	seq_1709
seq_1280	seq_78
seq_1280	seq_688
seq_1280	seq_1136
seq_1280	seq_2480
seq_1280	seq_3152
seq_1280	seq_2481
seq_1280	seq_3153
seq_1280	seq_690
seq_1280	seq_850
seq_1280	seq_1138
seq_1280	seq_2482
seq_1280	seq_83
seq_1280	seq_2675
seq_1280	seq_3155
seq_1280	seq_308
seq_1280	seq_1364
seq_1280	seq_3092
seq_1280	seq_885
seq_1280	seq_2902
seq_1280	seq_2457
seq_1280	seq_3097
seq_1280	seq_1466
seq_1280	seq_3514
seq_1280	seq_3131
seq_1280	seq_3515
seq_1280	seq_796
seq_1280	seq_2654
seq_1280	seq_2367
seq_1408	seq_1408
seq_1408	seq_1440
seq_1408	seq_1409
seq_1408	seq_1441
seq_1408	seq_1729
seq_1408	seq_2113
seq_1408	seq_1410
seq_1408	seq_2562
seq_1408	seq_451
seq_1408	seq_1411
seq_1408	seq_1731
seq_1408	seq_2563
seq_1408	seq_2564
seq_1408	seq_2596
seq_1408	seq_2502
seq_1408	seq_3463
seq_1408	seq_1448
seq_1408	seq_1832
seq_1408	seq_2280
seq_1408	seq_3464
seq_1408	seq_2281
seq_1408	seq_3465
seq_1408	seq_2282
seq_1408	seq_3466
seq_1408	seq_2283
seq_1408	seq_2539
seq_1408	seq_2284
seq_1408	seq_781
seq_1408	seq_1229
seq_1408	seq_2285
seq_1408	seq_2286
seq_1408	seq_751
seq_1408	seq_2610
seq_1408	seq_2163
seq_1408	seq_1268
seq_1408	seq_2164
seq_1408	seq_2900
seq_1408	seq_1269
seq_1408	seq_2165
seq_1408	seq_2166
seq_1408	seq_2167
seq_1408	seq_1272
seq_1408	seq_2168
seq_1408	seq_1273
seq_1408	seq_2169
seq_1408	seq_2170
seq_1408	seq_2555
seq_1408	seq_2556
seq_1408	seq_3132
seq_1408	seq_765
seq_1408	seq_2557
seq_1408	seq_3261
seq_1408	seq_1246
seq_1408	seq_1406
seq_1408	seq_2558
seq_1408	seq_1407
seq_1504	seq_1504
seq_1504	seq_962
seq_1504	seq_2466
seq_1504	seq_611
seq_1504	seq_612
seq_1504	seq_1032
seq_1504	seq_2952
seq_1504	seq_3144
seq_1504	seq_1033
seq_1504	seq_3145
seq_1504	seq_906
seq_1504	seq_1034
seq_1504	seq_3146
seq_1504	seq_3147
seq_1504	seq_3148
seq_1504	seq_942
seq_1504	seq_1646
seq_1504	seq_945
seq_1504	seq_1499
seq_1504	seq_294
seq_1504	seq_295
seq_1504	seq_652
seq_1504	seq_621
seq_1504	seq_653
seq_1504	seq_462
seq_1504	seq_654
seq_1504	seq_368
seq_1504	seq_441
seq_1536	seq_1536
seq_1536	seq_1537
seq_1536	seq_1538
seq_1536	seq_2370
seq_1536	seq_2219
seq_1536	seq_2379
seq_1536	seq_2316
seq_1536	seq_2348
seq_1536	seq_2349
seq_1536	seq_1102
seq_1536	seq_2190
seq_1536	seq_2350
seq_1536	seq_3377
seq_1536	seq_2386
seq_1536	seq_3378
seq_1536	seq_3386
seq_1536	seq_1436
seq_1536	seq_3452
seq_1536	seq_2397
seq_1536	seq_2398
seq_1536	seq_1535
seq_1536	seq_2399
seq_1568	seq_1568
seq_1568	seq_2144
seq_1568	seq_2145
seq_1568	seq_2146
seq_1568	seq_2147
seq_1568	seq_2148
seq_1568	seq_2149
seq_1568	seq_454
seq_1568	seq_455
seq_1568	seq_487
seq_1568	seq_1801
seq_1568	seq_1418
seq_1568	seq_555
seq_1568	seq_1419
seq_1568	seq_1420
seq_1568	seq_2412
seq_1568	seq_1456
seq_1568	seq_2321
seq_1568	seq_2322
seq_1568	seq_2418
seq_1568	seq_2419
seq_1568	seq_2420
seq_1568	seq_3252
seq_1568	seq_1429
seq_1568	seq_1430
seq_1568	seq_2998
seq_1568	seq_503
seq_1568	seq_1431
seq_1568	seq_1336
seq_1568	seq_1432
seq_1568	seq_1337
seq_1568	seq_1433
seq_1568	seq_2489
seq_1568	seq_1434
seq_1568	seq_1723
seq_1568	seq_1564
seq_1568	seq_1565
seq_1568	seq_3005
seq_1568	seq_862
seq_1568	seq_1438
seq_1568	seq_1566
seq_1568	seq_2110
seq_1568	seq_1439
seq_1568	seq_1567
seq_1568	seq_3007
seq_1664	seq_1664
seq_1664	seq_1665
seq_1664	seq_1282
seq_1664	seq_1890
seq_1664	seq_1922
seq_1664	seq_2979
seq_1664	seq_2980
seq_1664	seq_2693
seq_1664	seq_2981
seq_1664	seq_1894
seq_1664	seq_2886
seq_1664	seq_3177
seq_1664	seq_138
seq_1664	seq_3562
seq_1664	seq_2509
seq_1664	seq_2797
seq_1664	seq_2510
seq_1664	seq_2702
seq_1664	seq_879
seq_1664	seq_2511
seq_1664	seq_2703
seq_1664	seq_880
seq_1664	seq_2704
seq_1664	seq_2996
seq_1664	seq_2005
seq_1664	seq_3093
seq_1664	seq_1686
seq_1664	seq_3094
seq_1664	seq_3095
seq_1664	seq_2808
seq_1664	seq_985
seq_1664	seq_2108
seq_1664	seq_2813
seq_1664	seq_1278
seq_1664	seq_1662
seq_1664	seq_1663
seq_1664	seq_3295
seq_1664	seq_1472
seq_1664	seq_3264
seq_1664	seq_3265
seq_1664	seq_1474
seq_1664	seq_3266
seq_1664	seq_1475
seq_1664	seq_3267
seq_1664	seq_2468
seq_1664	seq_2884
seq_1664	seq_3268
seq_1664	seq_1701
seq_1664	seq_1702
seq_1664	seq_1703
seq_1664	seq_680
seq_1664	seq_2984
seq_1664	seq_3176
seq_1664	seq_681
seq_1664	seq_2827
seq_1664	seq_3467
seq_1664	seq_3499
seq_1664	seq_1740
seq_1664	seq_2380
seq_1664	seq_3468
seq_1664	seq_3085
seq_1664	seq_1551
seq_1664	seq_1680
seq_1664	seq_3024
seq_1664	seq_3410
seq_1664	seq_3411
seq_1664	seq_3412
seq_1664	seq_3444
seq_1664	seq_3413
seq_1664	seq_3445
seq_1664	seq_3414
seq_1664	seq_1497
seq_1664	seq_2905
seq_1664	seq_1498
seq_1664	seq_2267
seq_1664	seq_3262
seq_1664	seq_3263
seq_1664	seq_2304
seq_1664	seq_3296
seq_1664	seq_2689
seq_1664	seq_3297
seq_1664	seq_1634
seq_1664	seq_3298
seq_1664	seq_3490
seq_1664	seq_1635
seq_1664	seq_3491
seq_1664	seq_932
seq_1664	seq_1636
seq_1664	seq_3300
seq_1664	seq_3492
seq_1664	seq_933
seq_1664	seq_1637
seq_1664	seq_3301
seq_1664	seq_3493
seq_1664	seq_2982
seq_1664	seq_3302
seq_1664	seq_2887
seq_1664	seq_2983
seq_1664	seq_2024
seq_1664	seq_1289
seq_1664	seq_1869
seq_1664	seq_881
seq_1664	seq_882
seq_1664	seq_3285
seq_1664	seq_2809
seq_1664	seq_3323
seq_1664	seq_1630
seq_1664	seq_2303
seq_1664	seq_833
seq_1664	seq_1473
seq_1664	seq_2817
seq_1664	seq_2977
seq_1664	seq_1442
seq_1664	seq_2818
seq_1664	seq_1443
seq_1664	seq_2115
seq_1664	seq_2819
seq_1664	seq_1124
seq_1664	seq_1348
seq_1664	seq_1444
seq_1664	seq_1476
seq_1664	seq_1700
seq_1664	seq_2820
seq_1664	seq_453
seq_1664	seq_1157
seq_1664	seq_1477
seq_1664	seq_2821
seq_1664	seq_2885
seq_1664	seq_1158
seq_1664	seq_2694
seq_1664	seq_807
seq_1664	seq_1415
seq_1664	seq_2695
seq_1664	seq_808
seq_1664	seq_840
seq_1664	seq_1288
seq_1664	seq_1416
seq_1664	seq_2696
seq_1664	seq_649
seq_1664	seq_1641
seq_1664	seq_2697
seq_1664	seq_874
seq_1664	seq_1002
seq_1664	seq_2698
seq_1664	seq_2699
seq_1664	seq_2156
seq_1664	seq_3245
seq_1664	seq_2926
seq_1664	seq_3310
seq_1664	seq_2223
seq_1664	seq_3311
seq_1664	seq_2224
seq_1664	seq_3312
seq_1664	seq_2225
seq_1664	seq_2929
seq_1664	seq_3313
seq_1664	seq_2098
seq_1664	seq_2226
seq_1664	seq_3314
seq_1664	seq_2099
seq_1664	seq_2995
seq_1664	seq_724
seq_1664	seq_2100
seq_1664	seq_821
seq_1664	seq_1653
seq_1664	seq_2101
seq_1664	seq_2741
seq_1664	seq_1846
seq_1664	seq_2742
seq_1664	seq_2743
seq_1664	seq_1368
seq_1664	seq_1720
seq_1664	seq_2744
seq_1664	seq_409
seq_1664	seq_1369
seq_1664	seq_1529
seq_1664	seq_1721
seq_1664	seq_2745
seq_1664	seq_2746
seq_1664	seq_2906
seq_1664	seq_2747
seq_1664	seq_2748
seq_1664	seq_2812
seq_1664	seq_157
seq_1664	seq_1629
seq_1664	seq_2749
seq_1664	seq_3070
seq_1664	seq_1183
seq_1792	seq_1792
seq_1792	seq_1619
seq_1792	seq_1620
seq_1792	seq_2040
seq_1792	seq_2041
seq_1792	seq_2042
seq_1792	seq_2043
seq_1792	seq_2044
seq_1792	seq_2045
seq_1952	seq_1952
seq_1952	seq_2403
seq_1952	seq_2404
seq_1952	seq_1957
seq_1952	seq_1958
seq_1952	seq_3398
seq_1952	seq_3399
seq_1952	seq_2538
seq_1952	seq_1743
seq_1952	seq_1744
seq_1952	seq_1745
seq_1952	seq_1746
seq_1952	seq_2802
seq_1952	seq_1747
seq_1952	seq_1204
seq_1952	seq_1205
seq_1952	seq_2614
seq_1952	seq_3030
seq_1952	seq_3031
seq_1952	seq_1656
seq_1952	seq_3130
seq_1952	seq_1659
seq_1952	seq_1660
seq_2176	seq_2176
seq_2176	seq_2177
seq_2176	seq_2178
seq_2176	seq_2179
seq_2176	seq_2180
seq_2176	seq_2181
seq_2176	seq_2182
seq_2176	seq_2183
seq_2176	seq_2184
seq_2176	seq_1962
seq_2176	seq_493
seq_2176	seq_117
seq_2176	seq_757
seq_2176	seq_118
seq_2176	seq_758
seq_2176	seq_2175
seq_2464	seq_2464
seq_2464	seq_2465
seq_2464	seq_1826
seq_2464	seq_1827
seq_2464	seq_2116
seq_2464	seq_2244
seq_2464	seq_2117
seq_2464	seq_2245
seq_2464	seq_2246
seq_2464	seq_2119
seq_2464	seq_1514
seq_2464	seq_2411
seq_2464	seq_1454
seq_2464	seq_2897
seq_2464	seq_727
seq_2464	seq_1847
seq_2464	seq_728
seq_2464	seq_2136
seq_2464	seq_249
seq_2464	seq_2137
seq_2464	seq_2138
seq_2528	seq_2528
seq_2528	seq_1987
seq_2528	seq_1988
seq_2528	seq_1989
seq_2528	seq_2405
seq_2528	seq_1446
seq_2528	seq_1990
seq_2528	seq_2406
seq_2528	seq_2407
seq_2528	seq_2408
seq_2528	seq_1449
seq_2528	seq_3497
seq_2528	seq_1450
seq_2528	seq_1451
seq_2528	seq_2706
seq_2528	seq_1395
seq_2528	seq_2707
seq_2528	seq_1396
seq_2528	seq_2452
seq_2528	seq_2708
seq_2528	seq_2709
seq_2528	seq_2710
seq_2528	seq_3126
seq_2528	seq_2524
seq_2528	seq_2525
seq_2528	seq_2526
seq_2528	seq_2527
seq_2592	seq_2592
seq_2592	seq_3136
seq_2592	seq_3360
seq_2592	seq_2593
seq_2592	seq_3137
seq_2592	seq_2594
seq_2592	seq_3138
seq_2592	seq_2595
seq_2592	seq_3139
seq_2592	seq_3140
seq_2592	seq_3141
seq_2592	seq_3142
seq_2592	seq_3049
seq_2592	seq_3050
seq_2592	seq_2576
seq_2592	seq_2577
seq_2592	seq_2578
seq_2592	seq_2579
seq_2592	seq_2388
seq_2592	seq_2580
seq_2592	seq_2389
seq_2592	seq_2581
seq_2592	seq_2390
seq_2592	seq_2582
seq_2592	seq_2391
seq_2592	seq_2583
seq_2592	seq_2392
seq_2592	seq_2584
seq_2592	seq_2393
seq_2592	seq_2585
seq_2592	seq_2394
seq_2592	seq_2586
seq_2592	seq_2395
seq_2592	seq_2587
seq_2592	seq_3355
seq_2592	seq_2396
seq_2592	seq_2588
seq_2592	seq_3356
seq_2592	seq_2589
seq_2592	seq_3357
seq_2592	seq_2590
seq_2592	seq_3358
seq_2592	seq_2591
seq_2592	seq_3359
seq_2592	seq_2499
seq_2592	seq_2498
seq_2592	seq_2531
seq_2592	seq_2530
seq_2592	seq_1283
seq_2592	seq_452
seq_2592	seq_390
seq_2592	seq_518
seq_2592	seq_391
seq_2592	seq_392
seq_2592	seq_393
seq_2592	seq_489
seq_2592	seq_394
seq_2592	seq_395
seq_2592	seq_3051
seq_2592	seq_396
seq_2592	seq_3052
seq_2592	seq_397
seq_2592	seq_3053
seq_2592	seq_1358
seq_2592	seq_1367
seq_2592	seq_646
seq_2592	seq_1638
seq_2592	seq_1639
seq_2592	seq_1959
seq_2592	seq_1640
seq_2592	seq_1960
seq_2592	seq_1618
seq_2592	seq_1843
seq_2592	seq_1844
seq_2592	seq_1845
seq_2592	seq_635
seq_2624	seq_2624
seq_2624	seq_449
seq_2624	seq_513
seq_2624	seq_1633
seq_2624	seq_2625
seq_2624	seq_450
seq_2624	seq_514
seq_2624	seq_1570
seq_2624	seq_2626
seq_2624	seq_515
seq_2624	seq_1571
seq_2624	seq_2627
seq_2624	seq_420
seq_2624	seq_516
seq_2624	seq_1572
seq_2624	seq_1668
seq_2624	seq_2628
seq_2624	seq_421
seq_2624	seq_517
seq_2624	seq_1573
seq_2624	seq_1669
seq_2624	seq_2629
seq_2624	seq_422
seq_2624	seq_1574
seq_2624	seq_519
seq_2624	seq_1575
seq_2624	seq_2631
seq_2624	seq_200
seq_2624	seq_1160
seq_2624	seq_1576
seq_2624	seq_2632
seq_2624	seq_201
seq_2624	seq_233
seq_2624	seq_1161
seq_2624	seq_1577
seq_2624	seq_2633
seq_2624	seq_42
seq_2624	seq_170
seq_2624	seq_202
seq_2624	seq_1578
seq_2624	seq_2634
seq_2624	seq_43
seq_2624	seq_171
seq_2624	seq_235
seq_2624	seq_459
seq_2624	seq_1579
seq_2624	seq_44
seq_2624	seq_172
seq_2624	seq_460
seq_2624	seq_1580
seq_2624	seq_1900
seq_2624	seq_2252
seq_2624	seq_141
seq_2624	seq_173
seq_2624	seq_461
seq_2624	seq_973
seq_2624	seq_1581
seq_2624	seq_1901
seq_2624	seq_174
seq_2624	seq_974
seq_2624	seq_1582
seq_2624	seq_1902
seq_2624	seq_175
seq_2624	seq_975
seq_2624	seq_1583
seq_2624	seq_1903
seq_2624	seq_144
seq_2624	seq_176
seq_2624	seq_1584
seq_2624	seq_817
seq_2624	seq_1585
seq_2624	seq_498
seq_2624	seq_818
seq_2624	seq_1586
seq_2624	seq_499
seq_2624	seq_691
seq_2624	seq_1587
seq_2624	seq_1939
seq_2624	seq_244
seq_2624	seq_340
seq_2624	seq_500
seq_2624	seq_1588
seq_2624	seq_1940
seq_2624	seq_213
seq_2624	seq_501
seq_2624	seq_1589
seq_2624	seq_1941
seq_2624	seq_214
seq_2624	seq_246
seq_2624	seq_502
seq_2624	seq_1590
seq_2624	seq_151
seq_2624	seq_215
seq_2624	seq_247
seq_2624	seq_343
seq_2624	seq_1591
seq_2624	seq_184
seq_2624	seq_216
seq_2624	seq_248
seq_2624	seq_920
seq_2624	seq_1592
seq_2624	seq_217
seq_2624	seq_1593
seq_2624	seq_1594
seq_2624	seq_1722
seq_2624	seq_1595
seq_2624	seq_1180
seq_2624	seq_2621
seq_2624	seq_3037
seq_2624	seq_958
seq_2624	seq_2622
seq_2624	seq_3038
seq_2624	seq_959
seq_2624	seq_2623
seq_2624	seq_3039
seq_2752	seq_2752
seq_2752	seq_2816
seq_2752	seq_1800
seq_2752	seq_841
seq_2752	seq_842
seq_2752	seq_2732
seq_2752	seq_2733
seq_2752	seq_2354
seq_2752	seq_3474
seq_2752	seq_1212
seq_2752	seq_1852
seq_2752	seq_2814
seq_2752	seq_2751
seq_2752	seq_2815
seq_2752	seq_2943
seq_2784	seq_2784
seq_2784	seq_577
seq_2784	seq_578
seq_2784	seq_610
seq_2784	seq_260
seq_2784	seq_261
seq_2784	seq_613
seq_2784	seq_520
seq_2784	seq_2760
seq_2784	seq_2766
seq_2784	seq_2767
seq_2784	seq_2768
seq_2784	seq_2769
seq_2784	seq_120
seq_2784	seq_2777
seq_2784	seq_2779
seq_2784	seq_2780
seq_2784	seq_2781
seq_2784	seq_2782
seq_2784	seq_2783
seq_2944	seq_2944
seq_2944	seq_1697
seq_2944	seq_2945
seq_2944	seq_1698
seq_2944	seq_1699
seq_2944	seq_3149
seq_2944	seq_1815
seq_2944	seq_2711
seq_3008	seq_3008
seq_3008	seq_3009
seq_3008	seq_3010
seq_3008	seq_3011
seq_3008	seq_2725
seq_3008	seq_3269
seq_3008	seq_2726
seq_3008	seq_2727
seq_3008	seq_3495
seq_3008	seq_2728
seq_3008	seq_3305
seq_3008	seq_3306
seq_3008	seq_2059
seq_3008	seq_3307
seq_3008	seq_3308
seq_3008	seq_3404
seq_3008	seq_1933
seq_3008	seq_3405
seq_3008	seq_303
seq_3008	seq_2095
seq_3008	seq_304
seq_3008	seq_2096
seq_3008	seq_2672
seq_3008	seq_2673
seq_3008	seq_3249
seq_3008	seq_2130
seq_3008	seq_2131
seq_3008	seq_2132
seq_3008	seq_2806
seq_3008	seq_2487
seq_3008	seq_2807
seq_3008	seq_2072
seq_3008	seq_2488
seq_3008	seq_3032
seq_3008	seq_3480
seq_3008	seq_1977
seq_3008	seq_3033
seq_3008	seq_1978
seq_3008	seq_2458
seq_3008	seq_3034
seq_3008	seq_2459
seq_3008	seq_3035
seq_3008	seq_2460
seq_3008	seq_2461
seq_3008	seq_2462
seq_3008	seq_319
seq_3040	seq_3040
seq_2328	seq_2328
seq_2328	seq_905
seq_2712	seq_2712
seq_2712	seq_1153
seq_2712	seq_581
seq_2712	seq_1798
seq_2712	seq_1799
seq_2712	seq_3247
seq_2712	seq_2453
seq_2712	seq_2454
seq_2712	seq_2681
seq_2712	seq_2713
seq_2712	seq_2683
seq_2712	seq_1791
seq_3128	seq_3128
seq_3328	seq_3328
seq_3328	seq_3329
seq_3328	seq_2023
seq_3328	seq_3563
seq_3328	seq_3565
seq_3328	seq_1776
seq_3328	seq_2714
seq_3328	seq_3006
seq_3328	seq_2469
seq_3328	seq_2757
seq_3328	seq_2470
seq_3328	seq_2823
seq_3328	seq_2824
seq_3328	seq_2825
seq_3328	seq_2378
seq_3328	seq_2826
seq_3328	seq_2188
seq_3328	seq_3564
seq_3328	seq_627
seq_3328	seq_1171
seq_3328	seq_916
seq_3328	seq_1172
seq_3328	seq_917
seq_3328	seq_2104
seq_3328	seq_2105
seq_3328	seq_218
seq_3328	seq_2010
seq_3328	seq_219
seq_3328	seq_3004
seq_3328	seq_1215
seq_3392	seq_3392
seq_3392	seq_3361
seq_3392	seq_3362
seq_3392	seq_3395
seq_3392	seq_3560
seq_3392	seq_3530
seq_3392	seq_3531
seq_3392	seq_3180
seq_3392	seq_3181
seq_3392	seq_3182
seq_3392	seq_3470
seq_3392	seq_3055
seq_3392	seq_3183
seq_3392	seq_3056
seq_3392	seq_3379
seq_3392	seq_3540
seq_3392	seq_3541
seq_3392	seq_3062
seq_3392	seq_3222
seq_3392	seq_2839
seq_3392	seq_377
seq_3392	seq_3065
seq_3392	seq_3385
seq_3392	seq_2735
seq_3392	seq_3401
seq_3392	seq_1099
seq_3392	seq_3532
seq_3392	seq_3537
seq_3392	seq_435
seq_3392	seq_436
seq_3392	seq_3060
seq_3392	seq_3061
seq_3392	seq_3542
seq_3392	seq_3063
seq_3392	seq_3223
seq_3392	seq_3543
seq_3392	seq_3064
seq_3392	seq_3224
seq_3392	seq_3544
seq_3392	seq_3545
seq_3392	seq_922
seq_3392	seq_3546
seq_3456	seq_3456
seq_3456	seq_2154
seq_3456	seq_2959
seq_3456	seq_2899
seq_3488	seq_3488
seq_3488	seq_3272
seq_3488	seq_270
seq_3488	seq_2318
seq_3488	seq_271
seq_3488	seq_2319
seq_3488	seq_272
seq_3488	seq_3184
seq_3488	seq_2161
seq_3488	seq_3185
seq_3488	seq_439
seq_3488	seq_440
seq_3520	seq_3520
seq_3520	seq_3521
seq_3520	seq_3371
seq_3520	seq_3372
seq_3520	seq_3373
seq_3520	seq_3374
seq_3520	seq_3375
seq_3520	seq_3188
seq_3520	seq_3189
seq_3520	seq_2870
seq_3520	seq_2871
seq_3520	seq_1274
seq_3520	seq_3517
seq_3520	seq_3518
seq_3520	seq_3519
seq_3552	seq_3552
seq_3552	seq_3553
seq_3552	seq_3554
seq_3552	seq_3555
seq_3552	seq_710
seq_3552	seq_1897
seq_3552	seq_651
seq_3552	seq_684
seq_3552	seq_3066
seq_3552	seq_3067
seq_3552	seq_3547
seq_3552	seq_3068
seq_3552	seq_3548
seq_3552	seq_3069
seq_3552	seq_3549
seq_3552	seq_3550
seq_3552	seq_3551
seq_1	seq_1
seq_1	seq_227
seq_1	seq_3331
seq_1	seq_3332
seq_1	seq_838
seq_1	seq_839
seq_1	seq_2794
seq_1	seq_1163
seq_1	seq_1995
seq_1	seq_2187
seq_1	seq_1996
seq_1	seq_2125
seq_1	seq_2605
seq_1	seq_14
seq_1	seq_2030
seq_1	seq_2606
seq_1	seq_2159
seq_1	seq_1104
seq_1	seq_2160
seq_1	seq_2002
seq_1	seq_2003
seq_1	seq_2739
seq_1	seq_756
seq_1	seq_2004
seq_1	seq_2869
seq_1	seq_3253
seq_1	seq_3254
seq_1	seq_1943
seq_1	seq_2935
seq_1	seq_1944
seq_1	seq_2936
seq_1	seq_1945
seq_1	seq_2297
seq_1	seq_2937
seq_1	seq_2938
seq_1	seq_1819
seq_1	seq_2939
seq_1	seq_3195
seq_1	seq_1532
seq_1	seq_1820
seq_1	seq_1533
seq_1	seq_1821
seq_1	seq_2877
seq_1	seq_638
seq_1	seq_1534
seq_1	seq_2142
seq_1	seq_3294
seq_1	seq_2143
seq_1	seq_1891
seq_1	seq_1892
seq_1	seq_1893
seq_1	seq_2597
seq_1	seq_2598
seq_1	seq_3208
seq_1	seq_3209
seq_1	seq_2443
seq_1	seq_1964
seq_1	seq_1965
seq_1	seq_1998
seq_1	seq_1909
seq_1	seq_3289
seq_1	seq_2842
seq_1	seq_3290
seq_1	seq_2843
seq_1	seq_3291
seq_1	seq_3292
seq_1	seq_3293
seq_1	seq_3198
seq_1	seq_3486
seq_1	seq_2047
seq_1	seq_3199
seq_1	seq_2889
seq_1	seq_3241
seq_1	seq_3242
seq_1	seq_46
seq_1	seq_1105
seq_1	seq_562
seq_1	seq_3243
seq_225	seq_225
seq_225	seq_2786
seq_225	seq_2850
seq_225	seq_1347
seq_225	seq_2787
seq_225	seq_2851
seq_225	seq_1828
seq_225	seq_2788
seq_225	seq_2852
seq_225	seq_1829
seq_225	seq_1830
seq_225	seq_199
seq_225	seq_2189
seq_225	seq_2383
seq_225	seq_1818
seq_225	seq_2874
seq_225	seq_443
seq_225	seq_1758
seq_225	seq_1757
seq_289	seq_289
seq_641	seq_641
seq_1025	seq_1025
seq_1025	seq_2644
seq_1025	seq_2645
seq_1025	seq_1979
seq_1345	seq_1345
seq_1345	seq_3110
seq_1345	seq_3015
seq_1345	seq_3175
seq_1345	seq_1992
seq_1345	seq_1993
seq_1345	seq_1515
seq_1345	seq_3179
seq_1345	seq_2158
seq_1345	seq_1371
seq_1345	seq_2651
seq_1345	seq_2652
seq_1345	seq_286
seq_1569	seq_1569
seq_2497	seq_2497
seq_2497	seq_2026
seq_2497	seq_2684
seq_2753	seq_2753
seq_2753	seq_2919
seq_2753	seq_2985
seq_2753	seq_2730
seq_2753	seq_2954
seq_2753	seq_3498
seq_2753	seq_2925
seq_2753	seq_2961
seq_2753	seq_3281
seq_2753	seq_2930
seq_2753	seq_2931
seq_2753	seq_2963
seq_2753	seq_2964
seq_2753	seq_954
seq_2753	seq_2970
seq_2753	seq_2971
seq_2785	seq_2785
seq_1766	seq_1766
seq_1766	seq_1767
seq_1766	seq_1257
seq_1766	seq_1769
seq_1766	seq_1770
seq_1766	seq_1930
seq_1766	seq_1259
seq_1766	seq_1771
seq_1766	seq_1931
seq_1766	seq_1260
seq_1766	seq_1772
seq_1766	seq_1932
seq_1766	seq_1261
seq_1766	seq_1773
seq_1766	seq_1262
seq_1766	seq_1263
seq_1766	seq_537
seq_1766	seq_538
seq_1766	seq_539
seq_2118	seq_2118
seq_2118	seq_1834
seq_2118	seq_2250
seq_2118	seq_1835
seq_2118	seq_2123
seq_2118	seq_1967
seq_2118	seq_1968
seq_2118	seq_1969
seq_2118	seq_1970
seq_2118	seq_2805
seq_2118	seq_1942
seq_2118	seq_2427
seq_2118	seq_2240
seq_2118	seq_3393
seq_2118	seq_3394
seq_2118	seq_2185
seq_2118	seq_446
seq_2758	seq_2758
seq_2758	seq_2790
seq_2758	seq_2791
seq_2758	seq_3496
seq_2758	seq_1386
seq_2758	seq_1390
seq_2758	seq_1391
seq_2758	seq_208
seq_2758	seq_1392
seq_2758	seq_2736
seq_2758	seq_1393
seq_2758	seq_2737
seq_2758	seq_2738
seq_2758	seq_3506
seq_2758	seq_2999
seq_2758	seq_3000
seq_2758	seq_1241
seq_2758	seq_3001
seq_2758	seq_3324
seq_2758	seq_3325
seq_491	seq_491
seq_843	seq_843
seq_843	seq_2512
seq_843	seq_1361
seq_843	seq_2513
seq_843	seq_3221
seq_843	seq_2875
seq_843	seq_3134
seq_843	seq_3135
seq_1067	seq_1067
seq_1067	seq_1140
seq_1067	seq_726
seq_1067	seq_696
seq_1067	seq_291
seq_1067	seq_835
seq_1067	seq_292
seq_1067	seq_45
seq_1067	seq_718
seq_1067	seq_1264
seq_1067	seq_337
seq_1067	seq_1073
seq_1067	seq_338
seq_1067	seq_754
seq_1067	seq_1074
seq_1067	seq_1075
seq_1067	seq_886
seq_1067	seq_887
seq_1067	seq_729
seq_1067	seq_829
seq_1067	seq_831
seq_2479	seq_2479
seq_2479	seq_2478
seq_3471	seq_3471
seq_3471	seq_1397
seq_3471	seq_1398
seq_3471	seq_1816
seq_3535	seq_3535
seq_3535	seq_3536
seq_3535	seq_1690
seq_3535	seq_1691
seq_1732	seq_1732
seq_1732	seq_1730
seq_1764	seq_1764
seq_1764	seq_1956
seq_1764	seq_1285
seq_1764	seq_1765
seq_1764	seq_774
seq_1764	seq_2729
seq_1764	seq_2122
seq_1764	seq_2731
seq_1764	seq_2317
seq_1764	seq_3309
seq_1764	seq_2734
seq_1764	seq_2416
seq_1764	seq_3122
seq_1764	seq_3123
seq_1764	seq_3124
seq_1764	seq_3125
seq_1764	seq_3350
seq_1764	seq_2265
seq_1764	seq_2266
seq_1764	seq_1724
seq_1764	seq_2844
seq_1764	seq_2845
seq_1764	seq_2846
seq_1764	seq_2015
seq_1764	seq_2719
seq_1764	seq_801
seq_1764	seq_898
seq_1764	seq_994
seq_1764	seq_1762
seq_1764	seq_899
seq_1764	seq_995
seq_1764	seq_1763
seq_1764	seq_900
seq_1764	seq_1860
seq_1764	seq_3044
seq_1764	seq_1861
seq_1764	seq_934
seq_1764	seq_1030
seq_1764	seq_1862
seq_1764	seq_2630
seq_1764	seq_871
seq_1764	seq_935
seq_1764	seq_1031
seq_1764	seq_1159
seq_1764	seq_1543
seq_1764	seq_1991
seq_1764	seq_2279
seq_1764	seq_1544
seq_1764	seq_2440
seq_1764	seq_2441
seq_1764	seq_1130
seq_1764	seq_1162
seq_1764	seq_1546
seq_1764	seq_971
seq_1764	seq_1547
seq_1764	seq_12
seq_1764	seq_204
seq_1764	seq_556
seq_1764	seq_1548
seq_1764	seq_205
seq_1764	seq_557
seq_1764	seq_1549
seq_1764	seq_206
seq_1764	seq_558
seq_1764	seq_846
seq_1764	seq_1614
seq_1764	seq_2894
seq_1764	seq_847
seq_1764	seq_943
seq_1764	seq_2031
seq_1764	seq_848
seq_1764	seq_1712
seq_1764	seq_2032
seq_1764	seq_849
seq_1764	seq_2033
seq_1764	seq_2065
seq_1764	seq_1298
seq_1764	seq_2674
seq_1764	seq_851
seq_1764	seq_1139
seq_1764	seq_2068
seq_1764	seq_149
seq_1764	seq_629
seq_1764	seq_1013
seq_1764	seq_150
seq_1764	seq_1014
seq_1764	seq_1526
seq_1764	seq_2326
seq_1764	seq_375
seq_1764	seq_1527
seq_1764	seq_2327
seq_1764	seq_1528
seq_1764	seq_1082
seq_1764	seq_1338
seq_1764	seq_1530
seq_1764	seq_1626
seq_1764	seq_1658
seq_1764	seq_3098
seq_1764	seq_3450
seq_1764	seq_1083
seq_1764	seq_1339
seq_1764	seq_1467
seq_1764	seq_1563
seq_1764	seq_3451
seq_1764	seq_668
seq_1764	seq_1340
seq_1764	seq_1596
seq_1764	seq_2940
seq_1764	seq_637
seq_1764	seq_1341
seq_1764	seq_1661
seq_1764	seq_1150
seq_1764	seq_1342
seq_1764	seq_991
seq_1764	seq_2463
seq_3172	seq_3172
seq_3172	seq_297
seq_3172	seq_1994
seq_3172	seq_367
seq_3172	seq_283
seq_325	seq_325
seq_325	seq_326
seq_325	seq_427
seq_325	seq_332
seq_325	seq_3251
seq_325	seq_852
seq_325	seq_2039
seq_325	seq_568
seq_2849	seq_2849
seq_2849	seq_2029
seq_2849	seq_2544
seq_2849	seq_2545
seq_2849	seq_447
seq_2849	seq_2546
seq_3041	seq_3041
seq_3041	seq_3168
seq_3041	seq_3042
seq_3041	seq_3043
seq_3041	seq_3045
seq_3041	seq_3046
seq_3041	seq_2311
seq_3041	seq_3047
seq_3041	seq_2312
seq_3041	seq_3048
seq_3041	seq_1290
seq_3041	seq_2924
seq_3041	seq_2927
seq_3041	seq_1394
seq_3041	seq_1428
seq_3041	seq_2199
seq_3041	seq_3127
seq_3041	seq_2200
seq_3041	seq_2201
seq_290	seq_290
seq_290	seq_483
seq_290	seq_484
seq_290	seq_485
seq_290	seq_486
seq_290	seq_1323
seq_290	seq_428
seq_290	seq_3439
seq_290	seq_3440
seq_290	seq_3441
seq_290	seq_3442
seq_290	seq_467
seq_290	seq_468
seq_290	seq_469
seq_290	seq_470
seq_290	seq_471
seq_290	seq_2519
seq_290	seq_2520
seq_290	seq_473
seq_290	seq_1305
seq_290	seq_2521
seq_290	seq_474
seq_290	seq_475
seq_290	seq_2523
seq_290	seq_476
seq_1154	seq_1154
seq_1154	seq_328
seq_1154	seq_364
seq_1154	seq_492
seq_1154	seq_1710
seq_1154	seq_1711
seq_1154	seq_694
seq_1154	seq_2678
seq_1154	seq_1303
seq_1154	seq_2679
seq_1154	seq_1304
seq_1154	seq_830
seq_1154	seq_1681
seq_1154	seq_1682
seq_1154	seq_1683
seq_1154	seq_1684
seq_1154	seq_1685
seq_1154	seq_1363
seq_1666	seq_1666
seq_1666	seq_3143
seq_1666	seq_1966
seq_1666	seq_3248
seq_1666	seq_3507
seq_1666	seq_3508
seq_1666	seq_3509
seq_1666	seq_3225
seq_1666	seq_3099
seq_1666	seq_92
seq_1666	seq_3100
seq_1666	seq_3196
seq_1666	seq_3101
seq_1666	seq_3197
seq_1666	seq_734
seq_1666	seq_3102
seq_1666	seq_735
seq_1666	seq_256
seq_1666	seq_257
seq_1666	seq_258
seq_1666	seq_1667
seq_1666	seq_1910
seq_1666	seq_3190
seq_1666	seq_1911
seq_1666	seq_3257
seq_1666	seq_3449
seq_1666	seq_860
seq_1666	seq_861
seq_1666	seq_3205
seq_1666	seq_3206
seq_1666	seq_3207
seq_1666	seq_2335
seq_1666	seq_3210
seq_1666	seq_2060
seq_1666	seq_2830
seq_1666	seq_1938
seq_1666	seq_3191
seq_3258	seq_3258
seq_3258	seq_3259
seq_3258	seq_3260
seq_1275	seq_1275
seq_1275	seq_1997
seq_2126	seq_2126
seq_2126	seq_2127
seq_2126	seq_2607
seq_2126	seq_2128
seq_2126	seq_3156
seq_2126	seq_1365
seq_2126	seq_3157
seq_2126	seq_2202
seq_2126	seq_2203
seq_3214	seq_3214
seq_3214	seq_3215
seq_3214	seq_2355
seq_3214	seq_2838
seq_207	seq_207
seq_207	seq_3454
seq_207	seq_293
seq_623	seq_623
seq_623	seq_6
seq_623	seq_2243
seq_623	seq_2343
seq_623	seq_2972
seq_623	seq_2973
seq_623	seq_535
seq_623	seq_2853
seq_623	seq_161
seq_623	seq_162
seq_623	seq_38
seq_623	seq_135
seq_623	seq_136
seq_623	seq_1737
seq_623	seq_2891
seq_623	seq_239
seq_623	seq_1807
seq_623	seq_1808
seq_623	seq_1809
seq_623	seq_1810
seq_623	seq_3003
seq_623	seq_127
seq_623	seq_2338
seq_623	seq_544
seq_623	seq_545
seq_623	seq_546
seq_623	seq_547
seq_623	seq_2339
seq_623	seq_548
seq_623	seq_836
seq_623	seq_2340
seq_623	seq_549
seq_623	seq_2341
seq_623	seq_550
seq_623	seq_902
seq_623	seq_2342
seq_623	seq_3335
seq_623	seq_587
seq_623	seq_588
seq_623	seq_589
seq_623	seq_845
seq_623	seq_590
seq_623	seq_1230
seq_623	seq_79
seq_623	seq_1231
seq_623	seq_80
seq_623	seq_336
seq_623	seq_1232
seq_623	seq_81
seq_623	seq_241
seq_623	seq_1233
seq_623	seq_82
seq_623	seq_530
seq_623	seq_1234
seq_623	seq_243
seq_623	seq_563
seq_623	seq_1235
seq_623	seq_180
seq_623	seq_532
seq_623	seq_1236
seq_623	seq_181
seq_623	seq_1237
seq_623	seq_182
seq_623	seq_534
seq_623	seq_1238
seq_623	seq_1239
seq_623	seq_313
seq_623	seq_2873
seq_623	seq_314
seq_623	seq_1786
seq_623	seq_315
seq_623	seq_1787
seq_623	seq_316
seq_623	seq_540
seq_623	seq_317
seq_623	seq_541
seq_623	seq_1405
seq_623	seq_542
seq_623	seq_543
seq_623	seq_209
seq_1840	seq_1840
seq_1840	seq_1839
seq_1872	seq_1872
seq_1872	seq_463
seq_1872	seq_752
seq_1872	seq_1873
seq_1872	seq_1874
seq_1872	seq_1875
seq_1872	seq_1876
seq_1872	seq_1877
seq_1872	seq_1878
seq_1872	seq_1879
seq_1872	seq_1880
seq_1872	seq_1976
seq_1872	seq_1881
seq_1872	seq_1882
seq_1872	seq_1883
seq_1872	seq_2011
seq_1872	seq_1884
seq_1872	seq_2012
seq_1872	seq_605
seq_1872	seq_1885
seq_3504	seq_3504
seq_3504	seq_32
seq_3504	seq_288
seq_3504	seq_352
seq_3504	seq_384
seq_3504	seq_480
seq_3504	seq_1056
seq_3504	seq_1088
seq_3504	seq_2400
seq_3504	seq_2496
seq_3504	seq_33
seq_3504	seq_193
seq_3504	seq_353
seq_3504	seq_385
seq_3504	seq_417
seq_3504	seq_1057
seq_3504	seq_1089
seq_3504	seq_1121
seq_3504	seq_1185
seq_3504	seq_1377
seq_3504	seq_2401
seq_3504	seq_2529
seq_3504	seq_2
seq_3504	seq_34
seq_3504	seq_98
seq_3504	seq_130
seq_3504	seq_194
seq_3504	seq_354
seq_3504	seq_386
seq_3504	seq_418
seq_3504	seq_1058
seq_3504	seq_1090
seq_3504	seq_1122
seq_3504	seq_1378
seq_3504	seq_2402
seq_3504	seq_3202
seq_3504	seq_35
seq_3504	seq_67
seq_3504	seq_131
seq_3504	seq_163
seq_3504	seq_195
seq_3504	seq_259
seq_3504	seq_355
seq_3504	seq_387
seq_3504	seq_803
seq_3504	seq_867
seq_3504	seq_1059
seq_3504	seq_1091
seq_3504	seq_1155
seq_3504	seq_1379
seq_3504	seq_1507
seq_3504	seq_1923
seq_3504	seq_36
seq_3504	seq_68
seq_3504	seq_164
seq_3504	seq_196
seq_3504	seq_388
seq_3504	seq_804
seq_3504	seq_868
seq_3504	seq_1060
seq_3504	seq_1092
seq_3504	seq_1156
seq_3504	seq_1188
seq_3504	seq_1380
seq_3504	seq_1508
seq_3504	seq_3524
seq_3504	seq_37
seq_3504	seq_69
seq_3504	seq_197
seq_3504	seq_229
seq_3504	seq_357
seq_3504	seq_389
seq_3504	seq_869
seq_3504	seq_1061
seq_3504	seq_1093
seq_3504	seq_1189
seq_3504	seq_1381
seq_3504	seq_1445
seq_3504	seq_1509
seq_3504	seq_3525
seq_3504	seq_70
seq_3504	seq_134
seq_3504	seq_198
seq_3504	seq_1062
seq_3504	seq_1094
seq_3504	seq_1382
seq_3504	seq_1510
seq_3504	seq_2566
seq_3504	seq_7
seq_3504	seq_71
seq_3504	seq_167
seq_3504	seq_1095
seq_3504	seq_1127
seq_3504	seq_1511
seq_3504	seq_8
seq_3504	seq_232
seq_3504	seq_1096
seq_3504	seq_1128
seq_3504	seq_1256
seq_3504	seq_1512
seq_3504	seq_73
seq_3504	seq_169
seq_3504	seq_1097
seq_3504	seq_1129
seq_3504	seq_1321
seq_3504	seq_1513
seq_3504	seq_1609
seq_3504	seq_2505
seq_3504	seq_10
seq_3504	seq_426
seq_3504	seq_682
seq_3504	seq_1098
seq_3504	seq_11
seq_3504	seq_107
seq_3504	seq_1035
seq_3504	seq_1131
seq_3504	seq_1036
seq_3504	seq_1068
seq_3504	seq_1388
seq_3504	seq_1516
seq_3504	seq_2444
seq_3504	seq_3116
seq_3504	seq_13
seq_3504	seq_109
seq_3504	seq_1037
seq_3504	seq_1069
seq_3504	seq_2445
seq_3504	seq_3117
seq_3504	seq_110
seq_3504	seq_366
seq_3504	seq_686
seq_3504	seq_1038
seq_3504	seq_1422
seq_3504	seq_3118
seq_3504	seq_3406
seq_3504	seq_15
seq_3504	seq_47
seq_3504	seq_1423
seq_3504	seq_3119
seq_3504	seq_16
seq_3504	seq_48
seq_3504	seq_112
seq_3504	seq_400
seq_3504	seq_912
seq_3504	seq_1072
seq_3504	seq_1424
seq_3504	seq_1552
seq_3504	seq_3120
seq_3504	seq_17
seq_3504	seq_49
seq_3504	seq_177
seq_3504	seq_273
seq_3504	seq_369
seq_3504	seq_401
seq_3504	seq_1425
seq_3504	seq_1553
seq_3504	seq_2641
seq_3504	seq_3121
seq_3504	seq_18
seq_3504	seq_50
seq_3504	seq_178
seq_3504	seq_210
seq_3504	seq_274
seq_3504	seq_370
seq_3504	seq_1426
seq_3504	seq_1554
seq_3504	seq_2162
seq_3504	seq_19
seq_3504	seq_51
seq_3504	seq_147
seq_3504	seq_211
seq_3504	seq_275
seq_3504	seq_371
seq_3504	seq_403
seq_3504	seq_1043
seq_3504	seq_1107
seq_3504	seq_1427
seq_3504	seq_1523
seq_3504	seq_1555
seq_3504	seq_20
seq_3504	seq_52
seq_3504	seq_148
seq_3504	seq_372
seq_3504	seq_1076
seq_3504	seq_1108
seq_3504	seq_1556
seq_3504	seq_1748
seq_3504	seq_21
seq_3504	seq_53
seq_3504	seq_85
seq_3504	seq_373
seq_3504	seq_437
seq_3504	seq_1045
seq_3504	seq_1077
seq_3504	seq_1109
seq_3504	seq_1525
seq_3504	seq_1557
seq_3504	seq_22
seq_3504	seq_374
seq_3504	seq_438
seq_3504	seq_662
seq_3504	seq_1046
seq_3504	seq_1078
seq_3504	seq_1110
seq_3504	seq_1558
seq_3504	seq_23
seq_3504	seq_631
seq_3504	seq_663
seq_3504	seq_1047
seq_3504	seq_1079
seq_3504	seq_1111
seq_3504	seq_1559
seq_3504	seq_3351
seq_3504	seq_24
seq_3504	seq_344
seq_3504	seq_408
seq_3504	seq_632
seq_3504	seq_984
seq_3504	seq_1048
seq_3504	seq_1080
seq_3504	seq_1112
seq_3504	seq_1144
seq_3504	seq_1560
seq_3504	seq_2456
seq_3504	seq_3320
seq_3504	seq_3352
seq_3504	seq_25
seq_3504	seq_153
seq_3504	seq_185
seq_3504	seq_345
seq_3504	seq_1049
seq_3504	seq_1113
seq_3504	seq_1401
seq_3504	seq_1561
seq_3504	seq_1817
seq_3504	seq_3193
seq_3504	seq_3353
seq_3504	seq_26
seq_3504	seq_154
seq_3504	seq_186
seq_3504	seq_346
seq_3504	seq_730
seq_3504	seq_1050
seq_3504	seq_1114
seq_3504	seq_1146
seq_3504	seq_1562
seq_3504	seq_3354
seq_3504	seq_27
seq_3504	seq_155
seq_3504	seq_187
seq_3504	seq_347
seq_3504	seq_1051
seq_3504	seq_1115
seq_3504	seq_1147
seq_3504	seq_1627
seq_3504	seq_28
seq_3504	seq_156
seq_3504	seq_188
seq_3504	seq_348
seq_3504	seq_380
seq_3504	seq_636
seq_3504	seq_924
seq_3504	seq_1052
seq_3504	seq_1084
seq_3504	seq_1500
seq_3504	seq_1788
seq_3504	seq_29
seq_3504	seq_61
seq_3504	seq_189
seq_3504	seq_349
seq_3504	seq_381
seq_3504	seq_669
seq_3504	seq_1085
seq_3504	seq_1117
seq_3504	seq_1501
seq_3504	seq_2237
seq_3504	seq_30
seq_3504	seq_62
seq_3504	seq_190
seq_3504	seq_350
seq_3504	seq_382
seq_3504	seq_574
seq_3504	seq_1086
seq_3504	seq_1118
seq_3504	seq_1502
seq_3504	seq_2238
seq_3504	seq_31
seq_3504	seq_63
seq_3504	seq_191
seq_3504	seq_351
seq_3504	seq_383
seq_3504	seq_415
seq_3504	seq_479
seq_3504	seq_575
seq_3504	seq_863
seq_3504	seq_1055
seq_3504	seq_1087
seq_3504	seq_1119
seq_3504	seq_1503
seq_3504	seq_96
seq_3504	seq_97
seq_3504	seq_936
seq_3504	seq_1357
seq_3504	seq_95
seq_3504	seq_3111
seq_3504	seq_2376
seq_3504	seq_3112
seq_3504	seq_3113
seq_3504	seq_3114
seq_3504	seq_2507
seq_3504	seq_3115
seq_3504	seq_2071
seq_3504	seq_1376
seq_3504	seq_580
seq_3504	seq_875
seq_3504	seq_911
seq_3504	seq_3129
seq_3504	seq_1372
seq_3504	seq_1373
seq_3504	seq_1374
seq_3504	seq_1375
seq_3504	seq_1955
seq_3504	seq_1524
seq_3504	seq_3321
seq_3504	seq_3322
seq_3504	seq_125
seq_3504	seq_221
seq_3504	seq_925
seq_3504	seq_2493
seq_3504	seq_926
seq_3504	seq_2494
seq_3504	seq_223
seq_3504	seq_2495
seq_3504	seq_1896
seq_3504	seq_64
seq_3504	seq_1600
seq_3504	seq_1888
seq_3504	seq_3072
seq_3504	seq_321
seq_3504	seq_1601
seq_3504	seq_1889
seq_3504	seq_3073
seq_3504	seq_322
seq_3504	seq_1602
seq_3504	seq_3074
seq_3504	seq_323
seq_3504	seq_1603
seq_3504	seq_3075
seq_3504	seq_1604
seq_3504	seq_2500
seq_3504	seq_3076
seq_3504	seq_1605
seq_3504	seq_2501
seq_3504	seq_3077
seq_3504	seq_1606
seq_3504	seq_3078
seq_3504	seq_1255
seq_3504	seq_1607
seq_3504	seq_1831
seq_3504	seq_1895
seq_3504	seq_3079
seq_3504	seq_1608
seq_3504	seq_2568
seq_3504	seq_3080
seq_3504	seq_2057
seq_3504	seq_2569
seq_3504	seq_2761
seq_3504	seq_3081
seq_3504	seq_2570
seq_3504	seq_3082
seq_3504	seq_1899
seq_3504	seq_2571
seq_3504	seq_3083
seq_3504	seq_2572
seq_3504	seq_3084
seq_3504	seq_2573
seq_3504	seq_2574
seq_3504	seq_1135
seq_3504	seq_2575
seq_3504	seq_2193
seq_3504	seq_3409
seq_3504	seq_2194
seq_3504	seq_2994
seq_3504	seq_3090
seq_3504	seq_2195
seq_3504	seq_3091
seq_3504	seq_3443
seq_3504	seq_2196
seq_3504	seq_2197
seq_3504	seq_2198
seq_3504	seq_3318
seq_3504	seq_119
seq_3504	seq_1623
seq_3504	seq_2455
seq_3504	seq_3319
seq_3504	seq_2139
seq_3504	seq_2140
seq_3504	seq_93
seq_3504	seq_1597
seq_3504	seq_2141
seq_3504	seq_798
seq_3504	seq_1598
seq_3504	seq_1886
seq_3504	seq_799
seq_3504	seq_1599
seq_3504	seq_1887
seq_3504	seq_3071
seq_3504	seq_1328
seq_3504	seq_741
seq_3504	seq_0
seq_3504	seq_160
seq_3504	seq_640
seq_3504	seq_704
seq_3504	seq_864
seq_3504	seq_1312
seq_3504	seq_705
seq_3504	seq_769
seq_3504	seq_865
seq_3504	seq_1313
seq_3504	seq_706
seq_3504	seq_834
seq_3504	seq_866
seq_3504	seq_930
seq_3504	seq_1314
seq_3504	seq_3
seq_3504	seq_707
seq_3504	seq_4
seq_3504	seq_708
seq_3504	seq_740
seq_3504	seq_772
seq_3504	seq_1316
seq_3504	seq_1540
seq_3504	seq_2532
seq_3504	seq_5
seq_3504	seq_709
seq_3504	seq_773
seq_3504	seq_837
seq_3504	seq_901
seq_3504	seq_1541
seq_3504	seq_3173
seq_3504	seq_742
seq_3504	seq_870
seq_3504	seq_1542
seq_3504	seq_2822
seq_3504	seq_2854
seq_3504	seq_39
seq_3504	seq_743
seq_3504	seq_775
seq_3504	seq_903
seq_3504	seq_2855
seq_3504	seq_3367
seq_3504	seq_584
seq_3504	seq_712
seq_3504	seq_744
seq_3504	seq_776
seq_3504	seq_3368
seq_3504	seq_9
seq_3504	seq_41
seq_3504	seq_137
seq_3504	seq_585
seq_3504	seq_617
seq_3504	seq_713
seq_3504	seq_745
seq_3504	seq_777
seq_3504	seq_3369
seq_3504	seq_3561
seq_3504	seq_234
seq_3504	seq_362
seq_3504	seq_586
seq_3504	seq_714
seq_3504	seq_746
seq_3504	seq_778
seq_3504	seq_2890
seq_3504	seq_3370
seq_3504	seq_715
seq_3504	seq_747
seq_3504	seq_811
seq_3504	seq_907
seq_3504	seq_1483
seq_3504	seq_3435
seq_3504	seq_524
seq_3504	seq_716
seq_3504	seq_748
seq_3504	seq_812
seq_3504	seq_908
seq_3504	seq_1132
seq_3504	seq_1484
seq_3504	seq_3244
seq_3504	seq_3436
seq_3504	seq_525
seq_3504	seq_717
seq_3504	seq_909
seq_3504	seq_941
seq_3504	seq_1133
seq_3504	seq_1293
seq_3504	seq_1485
seq_3504	seq_2541
seq_3504	seq_3437
seq_3504	seq_526
seq_3504	seq_750
seq_3504	seq_814
seq_3504	seq_1294
seq_3504	seq_1486
seq_3504	seq_2542
seq_3504	seq_3246
seq_3504	seq_3438
seq_3504	seq_111
seq_3504	seq_143
seq_3504	seq_783
seq_3504	seq_815
seq_3504	seq_1295
seq_3504	seq_1487
seq_3504	seq_2543
seq_3504	seq_624
seq_3504	seq_656
seq_3504	seq_784
seq_3504	seq_816
seq_3504	seq_944
seq_3504	seq_1296
seq_3504	seq_1488
seq_3504	seq_1520
seq_3504	seq_2608
seq_3504	seq_113
seq_3504	seq_145
seq_3504	seq_625
seq_3504	seq_657
seq_3504	seq_753
seq_3504	seq_785
seq_3504	seq_1201
seq_3504	seq_1297
seq_3504	seq_1489
seq_3504	seq_2129
seq_3504	seq_2609
seq_3504	seq_114
seq_3504	seq_146
seq_3504	seq_722
seq_3504	seq_786
seq_3504	seq_946
seq_3504	seq_978
seq_3504	seq_1106
seq_3504	seq_1202
seq_3504	seq_1490
seq_3504	seq_1906
seq_3504	seq_115
seq_3504	seq_339
seq_3504	seq_723
seq_3504	seq_755
seq_3504	seq_787
seq_3504	seq_1203
seq_3504	seq_1491
seq_3504	seq_1779
seq_3504	seq_2547
seq_3504	seq_3315
seq_3504	seq_116
seq_3504	seq_788
seq_3504	seq_1300
seq_3504	seq_1492
seq_3504	seq_693
seq_3504	seq_789
seq_3504	seq_853
seq_3504	seq_949
seq_3504	seq_790
seq_3504	seq_918
seq_3504	seq_950
seq_3504	seq_1750
seq_3504	seq_791
seq_3504	seq_823
seq_3504	seq_855
seq_3504	seq_1495
seq_3504	seq_2615
seq_3504	seq_792
seq_3504	seq_824
seq_3504	seq_1496
seq_3504	seq_2616
seq_3504	seq_2680
seq_3504	seq_57
seq_3504	seq_793
seq_3504	seq_825
seq_3504	seq_1753
seq_3504	seq_58
seq_3504	seq_506
seq_3504	seq_794
seq_3504	seq_826
seq_3504	seq_1754
seq_3504	seq_2554
seq_3504	seq_2682
seq_3504	seq_59
seq_3504	seq_507
seq_3504	seq_699
seq_3504	seq_795
seq_3504	seq_1179
seq_3504	seq_60
seq_3504	seq_700
seq_3504	seq_1116
seq_3504	seq_1468
seq_3504	seq_509
seq_3504	seq_701
seq_3504	seq_893
seq_3504	seq_1053
seq_3504	seq_158
seq_3504	seq_510
seq_3504	seq_702
seq_3504	seq_894
seq_3504	seq_1054
seq_3504	seq_159
seq_3504	seq_255
seq_3504	seq_511
seq_3504	seq_639
seq_3504	seq_703
seq_3504	seq_1311
seq_3504	seq_2287
seq_3504	seq_2288
seq_3504	seq_1521
seq_3504	seq_1522
seq_2901	seq_2901
seq_2901	seq_2077
seq_2901	seq_2078
seq_2933	seq_2933
seq_566	seq_566
seq_566	seq_356
seq_566	seq_1248
seq_566	seq_1728
seq_566	seq_2016
seq_566	seq_2112
seq_566	seq_2208
seq_566	seq_2336
seq_566	seq_2720
seq_566	seq_2848
seq_566	seq_1249
seq_566	seq_2209
seq_566	seq_2337
seq_566	seq_2721
seq_566	seq_3425
seq_566	seq_3489
seq_566	seq_1250
seq_566	seq_2018
seq_566	seq_2722
seq_566	seq_2754
seq_566	seq_2978
seq_566	seq_3426
seq_566	seq_1251
seq_566	seq_2211
seq_566	seq_2723
seq_566	seq_1252
seq_566	seq_1924
seq_566	seq_2212
seq_566	seq_2724
seq_566	seq_3428
seq_566	seq_1253
seq_566	seq_1925
seq_566	seq_2213
seq_566	seq_2277
seq_566	seq_3429
seq_566	seq_262
seq_566	seq_806
seq_566	seq_1254
seq_566	seq_1926
seq_566	seq_2214
seq_566	seq_2278
seq_566	seq_3430
seq_566	seq_263
seq_566	seq_1927
seq_566	seq_2215
seq_566	seq_40
seq_566	seq_264
seq_566	seq_1928
seq_566	seq_2216
seq_566	seq_265
seq_566	seq_2217
seq_566	seq_2313
seq_566	seq_2857
seq_566	seq_266
seq_566	seq_298
seq_566	seq_2218
seq_566	seq_2314
seq_566	seq_267
seq_566	seq_299
seq_566	seq_363
seq_566	seq_1675
seq_566	seq_2315
seq_566	seq_3211
seq_566	seq_268
seq_566	seq_1676
seq_566	seq_3212
seq_566	seq_269
seq_566	seq_1677
seq_566	seq_2861
seq_566	seq_3213
seq_566	seq_2351
seq_566	seq_2831
seq_566	seq_2863
seq_566	seq_2352
seq_566	seq_2832
seq_566	seq_2289
seq_566	seq_2353
seq_566	seq_2833
seq_566	seq_3217
seq_566	seq_2290
seq_566	seq_2834
seq_566	seq_3218
seq_566	seq_883
seq_566	seq_1907
seq_566	seq_2291
seq_566	seq_2835
seq_566	seq_3219
seq_566	seq_1780
seq_566	seq_2292
seq_566	seq_2356
seq_566	seq_2836
seq_566	seq_3220
seq_566	seq_1621
seq_566	seq_2357
seq_566	seq_2837
seq_566	seq_2997
seq_566	seq_1622
seq_566	seq_2358
seq_566	seq_2359
seq_566	seq_2840
seq_566	seq_569
seq_566	seq_1657
seq_566	seq_1785
seq_566	seq_2841
seq_566	seq_3481
seq_566	seq_2362
seq_566	seq_3482
seq_566	seq_987
seq_566	seq_2363
seq_566	seq_2715
seq_566	seq_3483
seq_566	seq_124
seq_566	seq_284
seq_566	seq_2876
seq_566	seq_3484
seq_566	seq_285
seq_566	seq_1725
seq_566	seq_2333
seq_566	seq_2429
seq_566	seq_3485
seq_566	seq_1182
seq_566	seq_1726
seq_566	seq_2334
seq_566	seq_2430
seq_566	seq_2878
seq_566	seq_3326
seq_566	seq_1727
seq_566	seq_2207
seq_566	seq_2239
seq_566	seq_2431
seq_566	seq_2847
seq_566	seq_3327
seq_566	seq_3487
seq_566	seq_3317
seq_566	seq_988
seq_566	seq_1100
seq_1366	seq_1366
seq_2917	seq_2917
seq_2917	seq_2918
seq_2917	seq_3303
seq_2917	seq_1705
seq_2917	seq_1706
seq_2917	seq_1707
seq_2917	seq_1517
seq_2917	seq_1518
seq_2917	seq_2966
seq_2917	seq_2967
seq_2917	seq_3415
seq_2917	seq_2968
seq_2917	seq_3416
seq_2917	seq_3417
seq_2917	seq_1693
seq_2917	seq_1694
seq_2917	seq_1695
seq_3109	seq_3109
seq_3109	seq_203
seq_3109	seq_1615
seq_3109	seq_1616
seq_3109	seq_276
seq_3109	seq_277
seq_3109	seq_278
seq_3109	seq_1654
seq_3109	seq_279
seq_3109	seq_1655
seq_1383	seq_1383
seq_1383	seq_456
seq_1383	seq_1384
seq_1383	seq_1385
seq_1383	seq_429
seq_1383	seq_430
seq_1383	seq_494
seq_1383	seq_431
seq_1383	seq_495
seq_1383	seq_432
seq_1383	seq_496
seq_1383	seq_497
seq_1383	seq_402
seq_1383	seq_472
seq_1383	seq_504
seq_1383	seq_505
seq_1383	seq_411
seq_1383	seq_1307
seq_1383	seq_508
seq_1383	seq_1308
seq_1383	seq_477
seq_1383	seq_1309
seq_1383	seq_478
seq_1383	seq_1310
seq_2567	seq_2567
seq_2567	seq_1417
seq_2567	seq_3407
seq_2567	seq_3408
seq_2567	seq_3057
seq_2567	seq_2803
seq_2567	seq_2804
seq_2567	seq_3476
seq_2567	seq_3029
seq_2567	seq_2422
seq_2567	seq_2423
seq_2567	seq_3447
seq_2567	seq_2171
seq_2567	seq_2172
seq_2567	seq_3420
seq_2567	seq_2173
seq_2567	seq_3165
seq_2567	seq_2174
seq_3559	seq_3559
seq_3559	seq_872
seq_3559	seq_873
seq_3559	seq_3512
seq_3559	seq_3513
seq_2600	seq_2600
seq_2600	seq_1954
seq_2600	seq_1134
seq_2600	seq_2599
seq_1225	seq_1225
seq_1225	seq_711
seq_1225	seq_672
seq_1225	seq_673
seq_1225	seq_674
seq_1225	seq_644
seq_1225	seq_645
seq_1225	seq_1349
seq_1225	seq_1286
seq_1225	seq_1287
seq_1225	seq_1802
seq_1225	seq_333
seq_1225	seq_2381
seq_1225	seq_655
seq_1225	seq_1265
seq_1225	seq_1332
seq_1225	seq_1333
seq_1225	seq_1973
seq_1225	seq_3349
seq_1225	seq_1142
seq_1225	seq_1206
seq_1225	seq_1334
seq_1225	seq_1974
seq_1225	seq_1207
seq_1225	seq_1335
seq_1225	seq_1783
seq_1225	seq_1975
seq_1225	seq_88
seq_1225	seq_1240
seq_1225	seq_89
seq_1225	seq_891
seq_1225	seq_955
seq_1225	seq_957
seq_1225	seq_989
seq_1225	seq_2301
seq_1225	seq_670
seq_1225	seq_671
seq_2793	seq_2793
seq_2793	seq_399
seq_2793	seq_2896
seq_2793	seq_379
seq_2793	seq_414
seq_2093	seq_2093
seq_2093	seq_3226
seq_2093	seq_1211
seq_2093	seq_3227
seq_2093	seq_1344
seq_2093	seq_2432
seq_2093	seq_2976
seq_2093	seq_3200
seq_2093	seq_2433
seq_2093	seq_2434
seq_2093	seq_2435
seq_2093	seq_2471
seq_2093	seq_2344
seq_2093	seq_2472
seq_2093	seq_2473
seq_2093	seq_2474
seq_2093	seq_2475
seq_2093	seq_2476
seq_2093	seq_2828
seq_2093	seq_2477
seq_2093	seq_3341
seq_2093	seq_2094
seq_2093	seq_2990
seq_2093	seq_3342
seq_2093	seq_2991
seq_2093	seq_3343
seq_2093	seq_2992
seq_2093	seq_3344
seq_2093	seq_2097
seq_2093	seq_2993
seq_2093	seq_3345
seq_2093	seq_3282
seq_2093	seq_3346
seq_2093	seq_2387
seq_2093	seq_3347
seq_2093	seq_3348
seq_2093	seq_2485
seq_2093	seq_3286
seq_2093	seq_1848
seq_2093	seq_3288
seq_2093	seq_1849
seq_2093	seq_1850
seq_2093	seq_3194
seq_2093	seq_1851
seq_2093	seq_2974
seq_2093	seq_2975
seq_2093	seq_1354
seq_2093	seq_1355
seq_2093	seq_1356
seq_2829	seq_2829
seq_2829	seq_3203
seq_2829	seq_2955
seq_2829	seq_2956
seq_2829	seq_2957
seq_2829	seq_2958
seq_2829	seq_245
seq_3469	seq_3469
seq_782	seq_782
seq_782	seq_128
seq_782	seq_608
seq_782	seq_3104
seq_782	seq_129
seq_782	seq_609
seq_782	seq_3105
seq_782	seq_642
seq_782	seq_679
seq_782	seq_1223
seq_782	seq_1351
seq_782	seq_1224
seq_782	seq_1352
seq_782	seq_329
seq_782	seq_330
seq_782	seq_1226
seq_782	seq_139
seq_782	seq_1227
seq_782	seq_365
seq_782	seq_1325
seq_782	seq_1326
seq_782	seq_1327
seq_782	seq_464
seq_782	seq_564
seq_782	seq_660
seq_782	seq_341
seq_782	seq_565
seq_782	seq_597
seq_782	seq_342
seq_782	seq_1270
seq_782	seq_3510
seq_782	seq_567
seq_782	seq_1271
seq_782	seq_3511
seq_782	seq_2296
seq_782	seq_1178
seq_782	seq_603
seq_782	seq_604
seq_782	seq_318
seq_782	seq_607
seq_782	seq_3103
seq_593	seq_593
seq_593	seq_592
seq_2417	seq_2417
seq_2417	seq_2073
seq_2417	seq_2074
seq_3473	seq_3473
seq_2770	seq_2770
seq_2770	seq_2771
seq_2770	seq_2772
seq_2770	seq_2773
seq_2770	seq_2774
seq_2770	seq_2775
seq_2770	seq_2776
seq_2770	seq_2778
seq_2103	seq_2103
seq_2103	seq_1735
seq_2295	seq_2295
seq_2295	seq_2276
seq_2295	seq_2490
seq_2295	seq_2491
seq_2907	seq_2907
seq_892	seq_892
seq_892	seq_832
seq_892	seq_2273
seq_892	seq_2274
seq_892	seq_72
seq_892	seq_424
seq_892	seq_2664
seq_892	seq_425
seq_892	seq_2665
seq_892	seq_2666
seq_892	seq_108
seq_892	seq_780
seq_892	seq_2668
seq_892	seq_2669
seq_892	seq_2320
seq_892	seq_2035
seq_892	seq_692
seq_892	seq_2036
seq_892	seq_2740
seq_892	seq_2037
seq_892	seq_1174
seq_892	seq_2038
seq_892	seq_87
seq_892	seq_759
seq_892	seq_2904
seq_892	seq_2270
seq_892	seq_2271
seq_892	seq_3462
seq_892	seq_3558
seq_892	seq_904
seq_892	seq_2888
seq_892	seq_3178
seq_892	seq_1387
seq_892	seq_3021
seq_892	seq_910
seq_892	seq_1006
seq_892	seq_3086
seq_892	seq_3088
seq_892	seq_3216
seq_892	seq_3089
seq_892	seq_3538
seq_892	seq_3446
seq_892	seq_3448
seq_892	seq_953
seq_892	seq_1404
seq_892	seq_2653
seq_892	seq_3453
seq_892	seq_1470
seq_892	seq_767
seq_892	seq_2655
seq_892	seq_3455
seq_892	seq_2272
seq_892	seq_2275
seq_892	seq_2667
seq_892	seq_1353
seq_892	seq_1005
seq_892	seq_1143
seq_2795	seq_2795
seq_2795	seq_2220
seq_2795	seq_2796
seq_2795	seq_2221
seq_2795	seq_2222
seq_3275	seq_3275
seq_3275	seq_3276
seq_3275	seq_3277
seq_3275	seq_2969
seq_3275	seq_2421
seq_3339	seq_3339
seq_3339	seq_3340
seq_3339	seq_2962
seq_3339	seq_1692
seq_3036	seq_3036
seq_3516	seq_3516
seq_3516	seq_2249
seq_573	seq_573
seq_378	seq_378
seq_442	seq_442
seq_1370	seq_1370
seq_1370	seq_1315
seq_1370	seq_1281
seq_2810	seq_2810
seq_2810	seq_2811
seq_2810	seq_2687
seq_522	seq_522
seq_522	seq_521
seq_522	seq_1824
seq_522	seq_2241
seq_522	seq_2242
seq_522	seq_1452
seq_522	seq_1453
seq_522	seq_1718
seq_522	seq_1719
seq_522	seq_1822
seq_522	seq_1823
seq_2410	seq_2410
seq_2410	seq_2384
seq_2410	seq_2385
seq_2410	seq_2013
seq_2506	seq_2506
seq_3423	seq_3423
seq_3423	seq_3424
seq_3154	seq_3154
seq_179	seq_179
seq_2451	seq_2451
seq_2451	seq_2450
seq_2690	seq_2690
seq_2690	seq_2691
seq_2690	seq_677
seq_2690	seq_1648
seq_2690	seq_731
seq_2690	seq_732
seq_2690	seq_764
seq_2690	seq_733
seq_2690	seq_1480
seq_2690	seq_1481
seq_2690	seq_1644
seq_2690	seq_1741
seq_2690	seq_1678
seq_2690	seq_1742
seq_2690	seq_591
seq_2690	seq_1679
seq_2690	seq_3186
seq_2690	seq_220
seq_2882	seq_2882
seq_2882	seq_2883
seq_2882	seq_3012
seq_2882	seq_3013
seq_2882	seq_3014
seq_2882	seq_423
seq_2882	seq_3016
seq_2882	seq_3017
seq_2882	seq_2090
seq_2882	seq_3018
seq_2882	seq_2091
seq_2882	seq_3019
seq_2882	seq_1804
seq_2882	seq_2092
seq_2882	seq_3020
seq_2882	seq_1805
seq_2882	seq_2157
seq_2882	seq_398
seq_2882	seq_3022
seq_2882	seq_1360
seq_2882	seq_3380
seq_2882	seq_1814
seq_2882	seq_2102
seq_2882	seq_3479
seq_2882	seq_3418
seq_2882	seq_3419
seq_2882	seq_3421
seq_2882	seq_3422
seq_2946	seq_2946
seq_2946	seq_2114
seq_2946	seq_2947
seq_2946	seq_2948
seq_2946	seq_2949
seq_2946	seq_1421
seq_2946	seq_2414
seq_2946	seq_559
seq_2946	seq_2898
seq_2946	seq_2932
seq_2946	seq_2302
seq_3330	seq_3330
seq_3522	seq_3522
seq_3522	seq_3364
seq_3522	seq_3365
seq_3522	seq_3366
seq_3522	seq_3363
seq_3522	seq_2020
seq_3522	seq_2021
seq_3522	seq_2227
seq_579	seq_579
seq_579	seq_3204
seq_579	seq_1479
seq_675	seq_675
seq_675	seq_676
seq_675	seq_1519
seq_675	seq_1689
seq_675	seq_2879
seq_771	seq_771
seq_771	seq_770
seq_931	seq_931
seq_931	seq_2080
seq_931	seq_1953
seq_1539	seq_1539
seq_2604	seq_2604
seq_1389	seq_1389
seq_2755	seq_2755
seq_2755	seq_2915
seq_2755	seq_2756
seq_2755	seq_2951
seq_2755	seq_2920
seq_2755	seq_2921
seq_2755	seq_2953
seq_2755	seq_2922
seq_2755	seq_2923
seq_2755	seq_2798
seq_2755	seq_2864
seq_2755	seq_2960
seq_2755	seq_2865
seq_2755	seq_2866
seq_2755	seq_2867
seq_2755	seq_2868
seq_2755	seq_533
seq_2755	seq_2911
seq_3107	seq_3107
seq_3107	seq_3106
seq_3107	seq_1322
seq_3107	seq_1984
seq_3107	seq_961
seq_3107	seq_1985
seq_3107	seq_1986
seq_3107	seq_966
seq_3107	seq_551
seq_3107	seq_552
seq_3107	seq_968
seq_3107	seq_553
seq_3107	seq_970
seq_3107	seq_1228
seq_3107	seq_238
seq_3107	seq_3054
seq_3107	seq_3376
seq_3107	seq_2549
seq_3107	seq_2934
seq_3107	seq_856
seq_3107	seq_857
seq_3107	seq_858
seq_3107	seq_986
seq_3107	seq_1982
seq_3107	seq_1983
seq_3171	seq_3171
seq_3171	seq_3174
seq_3171	seq_1971
seq_3171	seq_3477
seq_3171	seq_2106
seq_3171	seq_2107
seq_3171	seq_2111
seq_1284	seq_1284
seq_1284	seq_142
seq_1284	seq_3192
seq_1412	seq_1412
seq_1412	seq_1413
seq_1412	seq_1414
seq_1412	seq_2860
seq_1412	seq_2075
seq_1173	seq_1173
seq_1173	seq_2307
seq_1173	seq_296
seq_1173	seq_1870
seq_1173	seq_1913
seq_1173	seq_123
seq_1749	seq_1749
seq_94	seq_94
seq_94	seq_2688
seq_94	seq_2049
seq_94	seq_2050
seq_94	seq_2082
seq_94	seq_2019
seq_94	seq_2051
seq_94	seq_2083
seq_94	seq_2052
seq_94	seq_2084
seq_94	seq_1221
seq_94	seq_2053
seq_94	seq_2085
seq_94	seq_1222
seq_94	seq_2054
seq_94	seq_2086
seq_94	seq_3494
seq_94	seq_2087
seq_94	seq_2503
seq_94	seq_1672
seq_94	seq_2088
seq_94	seq_2504
seq_94	seq_1673
seq_94	seq_2089
seq_94	seq_1610
seq_94	seq_1674
seq_94	seq_1866
seq_94	seq_2858
seq_94	seq_1611
seq_94	seq_1867
seq_94	seq_2859
seq_94	seq_1612
seq_94	seq_1868
seq_94	seq_2700
seq_94	seq_1613
seq_94	seq_2701
seq_94	seq_1166
seq_94	seq_719
seq_94	seq_1167
seq_94	seq_720
seq_94	seq_1168
seq_94	seq_721
seq_94	seq_1937
seq_94	seq_2677
seq_94	seq_3158
seq_94	seq_1463
seq_94	seq_3159
seq_94	seq_1464
seq_94	seq_121
seq_94	seq_1145
seq_94	seq_2329
seq_94	seq_122
seq_94	seq_2234
seq_94	seq_667
seq_94	seq_1531
seq_94	seq_1947
seq_94	seq_2235
seq_94	seq_1628
seq_94	seq_1948
seq_94	seq_2236
seq_94	seq_1949
seq_94	seq_2205
seq_94	seq_2206
seq_254	seq_254
seq_254	seq_1912
seq_254	seq_813
seq_2046	seq_2046
seq_2046	seq_1024
seq_2046	seq_1184
seq_2046	seq_3232
seq_2046	seq_1505
seq_2046	seq_1793
seq_2046	seq_3233
seq_2046	seq_1186
seq_2046	seq_1506
seq_2046	seq_1794
seq_2046	seq_3234
seq_2046	seq_1187
seq_2046	seq_1219
seq_2046	seq_1795
seq_2046	seq_2467
seq_2046	seq_3235
seq_2046	seq_3523
seq_2046	seq_132
seq_2046	seq_1220
seq_2046	seq_2692
seq_2046	seq_133
seq_2046	seq_165
seq_2046	seq_2565
seq_2046	seq_3333
seq_2046	seq_166
seq_2046	seq_1350
seq_2046	seq_1734
seq_2046	seq_3334
seq_2046	seq_1063
seq_2046	seq_2055
seq_2046	seq_1064
seq_2046	seq_1736
seq_2046	seq_2056
seq_2046	seq_2248
seq_2046	seq_3336
seq_2046	seq_1065
seq_2046	seq_2025
seq_2046	seq_2409
seq_2046	seq_2601
seq_2046	seq_3337
seq_2046	seq_618
seq_2046	seq_1258
seq_2046	seq_1738
seq_2046	seq_2602
seq_2046	seq_2762
seq_2046	seq_3338
seq_2046	seq_619
seq_2046	seq_683
seq_2046	seq_1739
seq_2046	seq_1963
seq_2046	seq_2027
seq_2046	seq_2251
seq_2046	seq_2603
seq_2046	seq_2763
seq_2046	seq_620
seq_2046	seq_2028
seq_2046	seq_2413
seq_2046	seq_1934
seq_2046	seq_3278
seq_2046	seq_1647
seq_2046	seq_2799
seq_2046	seq_2895
seq_2046	seq_3279
seq_2046	seq_2800
seq_2046	seq_2928
seq_2046	seq_465
seq_2046	seq_1329
seq_2046	seq_2705
seq_2046	seq_2801
seq_2046	seq_466
seq_2046	seq_1330
seq_2046	seq_3250
seq_2046	seq_307
seq_2046	seq_819
seq_2046	seq_1331
seq_2046	seq_1811
seq_2046	seq_820
seq_2046	seq_1812
seq_2046	seq_309
seq_2046	seq_1781
seq_2046	seq_1813
seq_2046	seq_3381
seq_2046	seq_310
seq_2046	seq_630
seq_2046	seq_822
seq_2046	seq_1782
seq_2046	seq_2294
seq_2046	seq_2550
seq_2046	seq_183
seq_2046	seq_311
seq_2046	seq_1687
seq_2046	seq_2551
seq_2046	seq_280
seq_2046	seq_312
seq_2046	seq_888
seq_2046	seq_1784
seq_2046	seq_2264
seq_2046	seq_2552
seq_2046	seq_2553
seq_2046	seq_570
seq_2046	seq_1306
seq_2046	seq_1402
seq_2046	seq_1914
seq_2046	seq_571
seq_2046	seq_1403
seq_2046	seq_1915
seq_2046	seq_572
seq_2046	seq_1916
seq_2046	seq_2204
seq_2046	seq_2492
seq_2046	seq_3228
seq_2046	seq_1469
seq_2046	seq_1917
seq_2046	seq_2685
seq_2046	seq_3229
seq_2046	seq_126
seq_2046	seq_2686
seq_2046	seq_3230
seq_2046	seq_1151
seq_2046	seq_3231
seq_2750	seq_2750
seq_2750	seq_3271
